id,first_name,last_name,email,gender,ip_address
1,Knox,Purkis,kpurkis0@google.nl,Male,32.86.254.58
2,Hannie,Loftus,hloftus1@shareasale.com,Female,223.195.194.78
3,Gallard,Donohue,gdonohue2@uol.com.br,Male,161.99.28.209
4,Luz,Gain,lgain3@cnbc.com,Female,191.227.9.11
5,Torin,Ledgerton,tledgerton4@so-net.ne.jp,Male,130.106.142.58
6,Henka,Garvill,hgarvill5@feedburner.com,Female,112.255.104.31
7,Celka,Brocklehurst,cbrocklehurst6@bravesites.com,Female,126.5.185.196
8,Mara,Kumaar,mkumaar7@mozilla.com,Female,90.10.127.195
9,Gunner,Pawelek,gpawelek8@zimbio.com,Male,136.59.69.60
10,Donnie,Portingale,dportingale9@stumbleupon.com,Female,193.119.208.149
11,Horatius,Nance,hnancea@huffingtonpost.com,Male,81.70.10.114
12,Elly,Dockreay,edockreayb@bluehost.com,Female,253.60.176.4
13,Bettina,Dive,bdivec@tiny.cc,Female,107.54.177.163
14,Niels,Fincham,nfinchamd@senate.gov,Male,200.203.85.203
15,Haskel,Grigori,hgrigorie@census.gov,Male,49.222.39.96
16,Stephan,Flann,sflannf@hatena.ne.jp,Male,58.235.100.251
17,Terri-jo,Kleis,tkleisg@jigsy.com,Female,173.47.5.162
18,Adriane,Blyth,ablythh@arizona.edu,Female,155.228.179.125
19,Konrad,Cheson,kchesoni@nsw.gov.au,Male,120.138.244.86
20,Armando,Apted,aaptedj@unc.edu,Male,45.190.184.217
21,Nikolaus,Seilmann,nseilmannk@mayoclinic.com,Male,89.70.141.179
22,Alvin,Capener,acapenerl@youku.com,Male,230.146.231.19
23,Shaylynn,Fieller,sfiellerm@newsvine.com,Female,30.168.26.161
24,Galvan,Grzegorzewicz,ggrzegorzewiczn@blogspot.com,Male,40.130.93.52
25,Whitman,Pentercost,wpentercosto@ft.com,Male,147.14.179.59
26,Zebadiah,Cowwell,zcowwellp@blogger.com,Male,253.83.15.61
27,Matty,Kock,mkockq@dyndns.org,Female,150.215.226.202
28,Aaren,Basil,abasilr@yolasite.com,Female,170.53.2.35
29,Court,Sworder,csworders@arstechnica.com,Male,129.62.169.76
30,Fabiano,Trenaman,ftrenamant@wufoo.com,Male,4.13.242.152
31,Laney,MacLennan,lmaclennanu@privacy.gov.au,Female,249.245.107.29
32,Anabel,Bounds,aboundsv@mapquest.com,Female,49.240.199.244
33,Morgen,Coit,mcoitw@foxnews.com,Male,104.153.137.249
34,Abagael,Teasell,ateasellx@jalbum.net,Female,243.75.89.209
35,Regan,Meiklejohn,rmeiklejohny@artisteer.com,Female,210.49.235.118
36,Lenard,Coverlyn,lcoverlynz@reuters.com,Male,26.227.77.72
37,Aleda,Petrushanko,apetrushanko10@techcrunch.com,Female,99.166.154.109
38,Alvera,Armall,aarmall11@plala.or.jp,Female,8.237.22.12
39,Reynolds,Nangle,rnangle12@indiegogo.com,Male,161.29.144.21
40,Reynard,Breming,rbreming13@yale.edu,Male,144.131.104.9
41,Camala,Greatham,cgreatham14@prnewswire.com,Female,207.119.199.203
42,Caty,Abramof,cabramof15@elegantthemes.com,Female,214.190.41.172
43,Darla,Rantoul,drantoul16@ycombinator.com,Female,246.107.150.137
44,Orbadiah,Maiklem,omaiklem17@si.edu,Male,92.140.159.208
45,Angelico,Tregido,atregido18@printfriendly.com,Male,140.52.240.106
46,Craggy,Durden,cdurden19@reuters.com,Male,223.175.133.142
47,Erek,Riden,eriden1a@list-manage.com,Male,65.138.49.88
48,Tamas,Attiwill,tattiwill1b@wunderground.com,Male,172.188.252.242
49,Belia,Bottrill,bbottrill1c@discuz.net,Female,72.6.85.233
50,Lindi,Janacek,ljanacek1d@oracle.com,Female,15.112.129.165
51,Korella,Bollis,kbollis1e@icio.us,Female,52.48.209.233
52,Benedicta,Vahl,bvahl1f@vistaprint.com,Female,238.140.103.124
53,Tymon,Guilloton,tguilloton1g@earthlink.net,Male,201.2.237.136
54,Emelyne,La Batie,elabatie1h@de.vu,Female,94.117.206.96
55,Theodor,Grogor,tgrogor1i@123-reg.co.uk,Male,1.69.231.79
56,Haywood,Kondrat,hkondrat1j@narod.ru,Male,119.13.178.71
57,Mora,Bagley,mbagley1k@globo.com,Female,55.239.100.105
58,Beau,Domerq,bdomerq1l@cdbaby.com,Male,35.163.107.91
59,Culver,Coldham,ccoldham1m@amazon.com,Male,101.140.139.52
60,Shelley,Hulburd,shulburd1n@harvard.edu,Female,99.163.27.58
61,Zita,Gammel,zgammel1o@uol.com.br,Female,23.1.171.188
62,Lazare,Brunnen,lbrunnen1p@hao123.com,Male,57.151.53.204
63,Ignace,Spilsburie,ispilsburie1q@privacy.gov.au,Male,20.7.170.20
64,Martha,Wapples,mwapples1r@4shared.com,Female,27.79.84.68
65,Sula,Stuck,sstuck1s@flickr.com,Female,56.254.243.89
66,Shurwood,Brixey,sbrixey1t@blogger.com,Male,16.161.120.244
67,Glenna,Leatherbarrow,gleatherbarrow1u@gravatar.com,Female,126.58.11.171
68,Nessa,Albery,nalbery1v@myspace.com,Female,195.216.222.127
69,Miller,Darmody,mdarmody1w@e-recht24.de,Male,8.211.142.50
70,Gav,Shawyer,gshawyer1x@yahoo.com,Male,134.129.178.197
71,Serena,Sokale,ssokale1y@sciencedaily.com,Female,160.217.226.237
72,Claus,Nannetti,cnannetti1z@dyndns.org,Male,181.183.46.243
73,Marja,Bartaletti,mbartaletti20@baidu.com,Female,123.0.215.12
74,Angelico,Enever,aenever21@nih.gov,Male,78.30.163.66
75,Friederike,Krinks,fkrinks22@zimbio.com,Female,150.124.88.128
76,Bjorn,Kilgallon,bkilgallon23@technorati.com,Male,102.155.148.55
77,Normy,Wayvill,nwayvill24@google.fr,Male,69.22.145.204
78,Emanuele,Bushell,ebushell25@livejournal.com,Male,153.203.241.8
79,Rachel,Hulbert,rhulbert26@homestead.com,Female,226.123.54.88
80,Lesley,Macknish,lmacknish27@wisc.edu,Female,136.248.63.46
81,Steffane,Rochewell,srochewell28@jugem.jp,Female,186.91.115.220
82,Cletus,Liffey,cliffey29@statcounter.com,Male,116.173.89.235
83,Graeme,Shewan,gshewan2a@skype.com,Male,170.107.20.73
84,Genevieve,Meekins,gmeekins2b@army.mil,Female,42.22.116.6
85,Nessy,Brimacombe,nbrimacombe2c@discuz.net,Female,185.215.201.44
86,Normand,Drillot,ndrillot2d@cocolog-nifty.com,Male,19.213.222.224
87,Nelia,Mathew,nmathew2e@cbslocal.com,Female,161.60.102.108
88,Ralina,Whotton,rwhotton2f@microsoft.com,Female,90.56.109.223
89,Rodger,Ladell,rladell2g@senate.gov,Male,211.218.131.113
90,Ryon,Deinert,rdeinert2h@ning.com,Male,222.33.83.165
91,Berty,Franckton,bfranckton2i@usda.gov,Female,72.210.247.41
92,Doe,Vaune,dvaune2j@mac.com,Female,67.75.132.149
93,Rorke,Crippen,rcrippen2k@about.me,Male,70.169.214.59
94,Brig,Kennon,bkennon2l@ezinearticles.com,Male,168.51.20.183
95,Ruthi,Constanza,rconstanza2m@altervista.org,Female,205.175.0.64
96,Kathryne,Maryan,kmaryan2n@shareasale.com,Female,28.214.206.97
97,Tedra,Metrick,tmetrick2o@xinhuanet.com,Female,209.38.154.35
98,Jyoti,Everest,jeverest2p@ted.com,Female,140.158.252.175
99,Florentia,Tirrell,ftirrell2q@deliciousdays.com,Female,167.74.92.22
100,Henderson,Rowlson,hrowlson2r@toplist.cz,Male,226.18.154.54
101,Robenia,MacEllen,rmacellen2s@java.com,Female,196.252.149.237
102,Sheff,Croxley,scroxley2t@ted.com,Male,26.8.222.60
103,Chaddy,Fawdrie,cfawdrie2u@skyrock.com,Male,127.46.76.130
104,Gil,Shills,gshills2v@printfriendly.com,Male,85.63.1.237
105,Quillan,MacGilmartin,qmacgilmartin2w@youtube.com,Male,148.150.59.150
106,Pacorro,Stoyles,pstoyles2x@narod.ru,Male,46.27.29.72
107,Yorgo,Stoffel,ystoffel2y@noaa.gov,Male,98.209.48.224
108,Eunice,Syder,esyder2z@nytimes.com,Female,156.252.43.244
109,Bennett,Burnett,bburnett30@quantcast.com,Male,228.111.121.221
110,Aleece,Zannotelli,azannotelli31@hibu.com,Female,41.121.25.3
111,Iosep,Vauls,ivauls32@instagram.com,Male,223.177.147.49
112,Regine,Tandy,rtandy33@nationalgeographic.com,Female,13.98.116.147
113,Hazlett,Smither,hsmither34@last.fm,Male,65.242.159.155
114,Mellie,Longcaster,mlongcaster35@topsy.com,Female,230.234.243.78
115,Lynna,Jeffcoat,ljeffcoat36@yahoo.co.jp,Female,167.211.40.153
116,Jase,Wagstaff,jwagstaff37@desdev.cn,Male,206.224.143.216
117,Mitchael,Roullier,mroullier38@amazon.com,Male,202.148.177.130
118,Verna,Hundell,vhundell39@4shared.com,Female,235.195.105.61
119,Tallou,Pocknell,tpocknell3a@europa.eu,Female,11.161.113.131
120,Rockey,Roswarn,rroswarn3b@constantcontact.com,Male,197.35.133.113
121,Rudy,Ravilious,rravilious3c@vimeo.com,Male,182.134.23.15
122,Willard,Prettyjohns,wprettyjohns3d@google.fr,Male,100.94.172.155
123,Melvin,Roakes,mroakes3e@cbslocal.com,Male,149.52.198.95
124,Willard,Foan,wfoan3f@slate.com,Male,69.248.190.169
125,Cynde,Bayles,cbayles3g@blogspot.com,Female,6.170.186.242
126,Bronnie,Dumbleton,bdumbleton3h@seattletimes.com,Male,102.102.90.26
127,Edi,Taylo,etaylo3i@homestead.com,Female,5.17.156.135
128,Tana,Treasure,ttreasure3j@cbslocal.com,Female,9.157.33.95
129,Raina,Goulston,rgoulston3k@twitter.com,Female,236.66.238.33
130,Layney,Tewkesbury.,ltewkesbury3l@barnesandnoble.com,Female,77.18.253.230
131,Padraic,Nowak,pnowak3m@ox.ac.uk,Male,5.105.9.227
132,Allyn,Kinmond,akinmond3n@fastcompany.com,Female,116.160.57.5
133,Eduino,Raynes,eraynes3o@mediafire.com,Male,251.247.191.67
134,Helene,Piburn,hpiburn3p@pcworld.com,Female,143.100.146.187
135,Wilbur,Chitham,wchitham3q@japanpost.jp,Male,17.125.21.1
136,Caryl,Mulvin,cmulvin3r@aboutads.info,Female,17.7.114.241
137,Courtney,Merigot,cmerigot3s@mac.com,Male,227.11.98.170
138,Florida,Huffy,fhuffy3t@gizmodo.com,Female,35.183.248.87
139,Violette,How,vhow3u@huffingtonpost.com,Female,118.115.53.82
140,Eada,Coady,ecoady3v@wix.com,Female,247.18.27.219
141,Jania,Desesquelle,jdesesquelle3w@linkedin.com,Female,221.210.109.125
142,Wake,Van der Brug,wvanderbrug3x@i2i.jp,Male,78.214.252.220
143,Bradley,Southouse,bsouthouse3y@ox.ac.uk,Male,103.226.176.61
144,Mireielle,Silkston,msilkston3z@facebook.com,Female,85.38.75.93
145,Skelly,Rawes,srawes40@eventbrite.com,Male,28.34.250.84
146,Glory,Kirimaa,gkirimaa41@discovery.com,Female,229.71.118.151
147,Madalyn,Axton,maxton42@hostgator.com,Female,86.114.103.72
148,Susi,Caldera,scaldera43@google.com,Female,65.236.58.66
149,Catharine,Liversage,cliversage44@aol.com,Female,129.88.198.145
150,Tallia,Honatsch,thonatsch45@dedecms.com,Female,191.142.72.154
151,Ferguson,Bricket,fbricket46@over-blog.com,Male,222.26.249.49
152,Papagena,Camamill,pcamamill47@acquirethisname.com,Female,168.228.242.232
153,Zelda,Coetzee,zcoetzee48@altervista.org,Female,178.172.63.44
154,Carline,Witherup,cwitherup49@sogou.com,Female,87.121.122.194
155,Haily,Beggio,hbeggio4a@cnn.com,Male,73.108.120.38
156,Abner,Adriani,aadriani4b@noaa.gov,Male,15.145.36.17
157,Romeo,Smardon,rsmardon4c@tripod.com,Male,150.232.238.196
158,Toddy,Whittuck,twhittuck4d@patch.com,Male,56.165.22.185
159,Carver,Sacco,csacco4e@imdb.com,Male,232.32.169.55
160,Olive,Aspray,oaspray4f@java.com,Female,78.225.111.101
161,Alair,Colquete,acolquete4g@blogspot.com,Male,27.213.254.203
162,Gale,While,gwhile4h@uiuc.edu,Male,118.81.155.252
163,Robyn,Murch,rmurch4i@lulu.com,Female,248.228.212.194
164,Jess,Grattan,jgrattan4j@trellian.com,Female,251.84.55.25
165,Jan,MacNish,jmacnish4k@constantcontact.com,Female,246.91.214.161
166,Sutherlan,Tester,stester4l@symantec.com,Male,250.19.234.99
167,Mirabella,Pleming,mpleming4m@e-recht24.de,Female,157.32.194.227
168,Cedric,Treend,ctreend4n@msn.com,Male,250.157.126.151
169,Kitty,Titcom,ktitcom4o@foxnews.com,Female,149.187.233.184
170,Daphne,Ghidetti,dghidetti4p@posterous.com,Female,43.29.133.253
171,Arabella,Falco,afalco4q@berkeley.edu,Female,114.144.203.100
172,Maren,Tick,mtick4r@google.com.hk,Female,51.233.55.35
173,Griffin,Hamill,ghamill4s@loc.gov,Male,155.168.144.240
174,Ronda,Annand,rannand4t@wufoo.com,Female,255.228.226.60
175,Gustaf,Jeays,gjeays4u@wikispaces.com,Male,196.155.187.169
176,Forest,Daile,fdaile4v@fema.gov,Male,17.4.245.193
177,Jesselyn,Revie,jrevie4w@ebay.com,Female,173.208.84.189
178,Darrelle,Seller,dseller4x@arizona.edu,Female,229.85.108.197
179,Itch,Frantz,ifrantz4y@baidu.com,Male,194.27.64.36
180,Inna,Brabban,ibrabban4z@vimeo.com,Female,180.106.133.19
181,Ivar,Dawidowitsch,idawidowitsch50@istockphoto.com,Male,217.188.223.126
182,Llewellyn,Thewles,lthewles51@weather.com,Male,41.194.43.206
183,Patsy,Doughton,pdoughton52@histats.com,Male,138.225.208.20
184,Skell,Wellman,swellman53@dyndns.org,Male,13.177.23.132
185,Martin,Rackley,mrackley54@princeton.edu,Male,155.50.74.233
186,Iormina,Booley,ibooley55@github.com,Female,250.168.31.168
187,Zachary,Naulls,znaulls56@princeton.edu,Male,6.104.246.234
188,Sheila-kathryn,Dewberry,sdewberry57@engadget.com,Female,191.9.8.206
189,Gar,Schwandner,gschwandner58@apache.org,Male,124.161.228.166
190,Agathe,Hapke,ahapke59@is.gd,Female,11.191.0.218
191,Hendrick,Zuppa,hzuppa5a@microsoft.com,Male,218.237.42.52
192,Wiley,Worner,wworner5b@opera.com,Male,99.139.218.247
193,Rianon,Jeeves,rjeeves5c@usa.gov,Female,137.170.238.83
194,Charo,Bamblett,cbamblett5d@answers.com,Female,134.34.10.22
195,Mada,Stallan,mstallan5e@deliciousdays.com,Female,213.228.81.28
196,Claudelle,Gossart,cgossart5f@discovery.com,Female,168.130.228.128
197,Paulie,Tattoo,ptattoo5g@tinyurl.com,Female,91.232.205.120
198,Robin,Lissandre,rlissandre5h@soup.io,Male,8.99.28.185
199,Pattie,Scamp,pscamp5i@goo.gl,Male,163.74.59.121
200,Alastair,Angove,aangove5j@w3.org,Male,88.202.227.226
201,Mitchel,Renahan,mrenahan5k@va.gov,Male,235.164.209.163
202,Skip,Patrie,spatrie5l@cnbc.com,Male,58.68.24.37
203,Fraser,Ricker,fricker5m@opensource.org,Male,79.52.92.213
204,Coleman,Griss,cgriss5n@utexas.edu,Male,246.2.138.182
205,Mart,Rowland,mrowland5o@wp.com,Male,27.118.161.186
206,Jerry,Mudle,jmudle5p@google.ru,Female,244.215.107.162
207,Titus,Daltry,tdaltry5q@oakley.com,Male,159.104.93.29
208,Son,Prozescky,sprozescky5r@huffingtonpost.com,Male,173.168.225.19
209,Pieter,Gent,pgent5s@chronoengine.com,Male,162.178.147.150
210,Rowena,Rumbellow,rrumbellow5t@purevolume.com,Female,95.234.244.193
211,Tate,Dawks,tdawks5u@yellowbook.com,Female,109.253.31.72
212,Joelle,Duckhouse,jduckhouse5v@naver.com,Female,20.110.238.220
213,Marillin,Van der Mark,mvandermark5w@indiatimes.com,Female,142.71.83.239
214,Orelia,Persicke,opersicke5x@princeton.edu,Female,79.0.155.56
215,Tadd,Prendergrast,tprendergrast5y@dion.ne.jp,Male,215.219.84.233
216,Gloria,Cotter,gcotter5z@indiegogo.com,Female,72.231.11.78
217,Harold,Graalman,hgraalman60@ucoz.com,Male,109.91.227.34
218,Vera,Snowding,vsnowding61@gov.uk,Female,215.167.190.120
219,Tyne,Glavis,tglavis62@example.com,Female,40.117.61.122
220,Rube,Chittenden,rchittenden63@ocn.ne.jp,Male,181.115.100.51
221,Nickolai,Scase,nscase64@hubpages.com,Male,220.224.209.80
222,Kent,Skedge,kskedge65@nationalgeographic.com,Male,218.212.157.155
223,Shirl,Pritchett,spritchett66@deviantart.com,Female,245.103.156.41
224,Wandis,Collyns,wcollyns67@ehow.com,Female,237.120.18.148
225,Kale,Lowthorpe,klowthorpe68@wufoo.com,Male,145.68.146.51
226,Adolphe,Bleythin,ableythin69@aboutads.info,Male,17.108.115.36
227,Vidovik,Laxon,vlaxon6a@scribd.com,Male,252.102.238.62
228,Cordelie,Shedden,cshedden6b@devhub.com,Female,117.31.245.230
229,Nealy,Bracco,nbracco6c@hatena.ne.jp,Male,137.84.162.221
230,Ben,Alenikov,balenikov6d@msu.edu,Male,58.164.111.61
231,Rochette,Strainge,rstrainge6e@pen.io,Female,93.238.108.91
232,Aryn,Probet,aprobet6f@statcounter.com,Female,70.69.29.62
233,Margarita,Drewet,mdrewet6g@arstechnica.com,Female,220.42.13.139
234,Benedetta,Norgate,bnorgate6h@e-recht24.de,Female,228.33.131.68
235,Tiphanie,Sarver,tsarver6i@sina.com.cn,Female,2.209.58.96
236,Weylin,Milkins,wmilkins6j@acquirethisname.com,Male,40.168.54.13
237,Glyn,Lissandri,glissandri6k@bloglovin.com,Female,7.247.153.92
238,Goldina,Walas,gwalas6l@digg.com,Female,165.103.8.2
239,Josey,Piletic,jpiletic6m@china.com.cn,Female,71.174.135.239
240,Roby,Kell,rkell6n@mozilla.com,Female,193.73.254.181
241,Durward,Kollaschek,dkollaschek6o@fda.gov,Male,32.6.184.237
242,Artur,Prophet,aprophet6p@skype.com,Male,97.157.63.189
243,Barbe,Geeves,bgeeves6q@geocities.com,Female,45.177.98.82
244,Blinnie,Drowsfield,bdrowsfield6r@1und1.de,Female,127.98.70.98
245,Bruce,Boardman,bboardman6s@nifty.com,Male,223.98.79.224
246,Linnie,Henighan,lhenighan6t@surveymonkey.com,Female,44.117.199.131
247,Corabella,Girodias,cgirodias6u@arstechnica.com,Female,13.135.145.96
248,Danie,Dellenbrok,ddellenbrok6v@webmd.com,Male,188.205.88.215
249,Stavro,Madigan,smadigan6w@flickr.com,Male,139.161.80.216
250,Ernest,Tarr,etarr6x@spotify.com,Male,66.101.87.244
251,Cross,Pethybridge,cpethybridge6y@github.io,Male,112.140.3.150
252,Tedmund,Raiston,traiston6z@zdnet.com,Male,70.189.223.167
253,Marleah,Drinan,mdrinan70@go.com,Female,148.146.194.114
254,Zach,Moehle,zmoehle71@artisteer.com,Male,233.11.220.125
255,Gannon,Sparsholt,gsparsholt72@guardian.co.uk,Male,227.60.173.225
256,Nada,MacIlurick,nmacilurick73@mashable.com,Female,64.91.211.172
257,Anton,Preuvost,apreuvost74@bloomberg.com,Male,54.168.50.144
258,Northrop,Rosingdall,nrosingdall75@thetimes.co.uk,Male,239.112.117.13
259,Linnell,Jagiela,ljagiela76@elegantthemes.com,Female,151.105.71.235
260,Enoch,Sansum,esansum77@technorati.com,Male,10.48.40.210
261,Alphonse,Yaxley,ayaxley78@aboutads.info,Male,246.132.205.6
262,Sidnee,Magrane,smagrane79@a8.net,Male,139.178.49.44
263,Ina,Paoli,ipaoli7a@harvard.edu,Female,127.146.55.47
264,Frank,Reubens,freubens7b@squarespace.com,Female,141.24.17.87
265,Meris,Arnaudon,marnaudon7c@people.com.cn,Female,122.12.180.35
266,Roseann,Moncrefe,rmoncrefe7d@imgur.com,Female,14.190.148.26
267,Carl,Doorly,cdoorly7e@yelp.com,Male,22.240.92.190
268,Julee,Gregoratti,jgregoratti7f@geocities.jp,Female,128.114.112.64
269,Teddie,Hum,thum7g@prweb.com,Male,33.51.241.72
270,Arlina,Birds,abirds7h@exblog.jp,Female,234.21.23.74
271,Erik,Houlison,ehoulison7i@apple.com,Male,91.54.0.178
272,Jewel,Bustard,jbustard7j@hc360.com,Female,129.195.2.87
273,Jule,Jouning,jjouning7k@sciencedirect.com,Male,35.235.162.108
274,Willette,Teasdale-Markie,wteasdalemarkie7l@hubpages.com,Female,222.130.11.192
275,Benji,Segar,bsegar7m@geocities.com,Male,137.93.145.51
276,Shirley,Sandland,ssandland7n@stumbleupon.com,Female,66.199.181.142
277,Tyler,De Ferraris,tdeferraris7o@goo.ne.jp,Male,38.129.145.193
278,Lorin,Hospital,lhospital7p@usa.gov,Male,9.219.106.48
279,Robinette,Halfhyde,rhalfhyde7q@histats.com,Female,133.17.237.15
280,Nester,Calbaithe,ncalbaithe7r@tripod.com,Male,92.96.218.160
281,Truda,Boodell,tboodell7s@blogtalkradio.com,Female,107.198.187.127
282,Johny,Spendlove,jspendlove7t@twitpic.com,Male,78.197.91.24
283,Vachel,Alp,valp7u@biglobe.ne.jp,Male,77.59.210.7
284,Law,Arthars,larthars7v@reference.com,Male,211.159.207.110
285,Pincus,Weiner,pweiner7w@vistaprint.com,Male,118.169.29.69
286,Nancy,Tidbold,ntidbold7x@dot.gov,Female,32.50.65.131
287,Horatia,Dear,hdear7y@cocolog-nifty.com,Female,131.114.54.160
288,Tobye,Klamman,tklamman7z@microsoft.com,Female,224.86.212.108
289,Nonah,Matley,nmatley80@ycombinator.com,Female,80.131.173.255
290,Berni,Verna,bverna81@wsj.com,Female,130.55.106.188
291,Malva,Arkwright,markwright82@reverbnation.com,Female,184.187.107.169
292,Gloriane,Skeemer,gskeemer83@privacy.gov.au,Female,167.229.220.134
293,Kinsley,Colafate,kcolafate84@i2i.jp,Male,45.147.146.136
294,Leland,Lorimer,llorimer85@aboutads.info,Male,165.38.81.228
295,Gus,Got,ggot86@flickr.com,Male,103.121.19.162
296,Patricia,Eddow,peddow87@smugmug.com,Female,178.212.62.102
297,Ariadne,Stener,astener88@smugmug.com,Female,206.35.31.101
298,Filip,Vedyashkin,fvedyashkin89@odnoklassniki.ru,Male,207.38.207.94
299,Ilsa,Dennerley,idennerley8a@tmall.com,Female,135.33.130.27
300,Ilyse,Kingsman,ikingsman8b@freewebs.com,Female,248.212.44.70
301,Gina,Blabie,gblabie8c@guardian.co.uk,Female,143.87.13.184
302,Paule,Suffe,psuffe8d@google.co.uk,Female,163.130.50.55
303,Bevin,Woolford,bwoolford8e@hhs.gov,Male,71.136.252.223
304,Arron,Birrel,abirrel8f@mozilla.com,Male,44.203.133.226
305,Alyce,Dayley,adayley8g@wikipedia.org,Female,194.216.178.101
306,Briana,Deek,bdeek8h@hubpages.com,Female,174.83.173.169
307,Georg,Lidyard,glidyard8i@prnewswire.com,Male,59.178.111.241
308,Chrysa,Megarry,cmegarry8j@tinypic.com,Female,168.70.250.168
309,Linnet,Gludor,lgludor8k@google.cn,Female,136.209.107.89
310,Rafaello,Grubbe,rgrubbe8l@unblog.fr,Male,110.104.75.180
311,Miriam,Camis,mcamis8m@plala.or.jp,Female,36.99.251.163
312,Lorri,Brason,lbrason8n@youtu.be,Female,32.5.84.24
313,Joachim,Blueman,jblueman8o@liveinternet.ru,Male,224.45.176.187
314,Gerome,Preist,gpreist8p@miibeian.gov.cn,Male,29.66.34.230
315,Dunstan,Willows,dwillows8q@t-online.de,Male,110.168.74.40
316,Grenville,Kaines,gkaines8r@angelfire.com,Male,30.101.240.212
317,Jayne,Moulton,jmoulton8s@yale.edu,Female,106.139.35.158
318,Gale,Greir,ggreir8t@joomla.org,Female,195.100.107.252
319,Dorris,Fullager,dfullager8u@nature.com,Female,253.9.135.166
320,Hermione,Press,hpress8v@cloudflare.com,Female,4.95.133.124
321,Weidar,Audritt,waudritt8w@tinyurl.com,Male,243.153.41.49
322,Sorcha,Scutts,sscutts8x@foxnews.com,Female,81.191.58.169
323,Halley,Iglesia,higlesia8y@columbia.edu,Female,151.120.236.119
324,Rodolfo,Gethings,rgethings8z@aboutads.info,Male,222.209.167.187
325,Vaughan,Belhome,vbelhome90@paypal.com,Male,210.2.191.236
326,Orran,Itzig,oitzig91@fotki.com,Male,194.189.50.232
327,Billie,Gocher,bgocher92@ebay.co.uk,Male,178.74.115.106
328,Jeralee,Emerson,jemerson93@bloglines.com,Female,102.174.167.122
329,Shirl,O'Hengerty,sohengerty94@homestead.com,Female,154.88.253.235
330,Brig,Joskowitz,bjoskowitz95@blogger.com,Male,207.17.137.13
331,Micky,Askey,maskey96@nba.com,Female,85.136.2.22
332,Rolland,Olligan,rolligan97@networksolutions.com,Male,238.8.15.54
333,Cob,Mouat,cmouat98@printfriendly.com,Male,15.189.140.194
334,Sheila,Brychan,sbrychan99@va.gov,Female,30.37.16.72
335,Timotheus,Essery,tessery9a@telegraph.co.uk,Male,209.222.51.4
336,Allyn,Wheelwright,awheelwright9b@indiegogo.com,Female,43.1.141.222
337,Nathanil,Donegan,ndonegan9c@ox.ac.uk,Male,224.142.248.246
338,Reid,McKague,rmckague9d@youtu.be,Male,16.142.69.32
339,Northrop,Suart,nsuart9e@miitbeian.gov.cn,Male,42.1.78.172
340,Ileana,Colborn,icolborn9f@epa.gov,Female,41.121.108.85
341,Vanya,Lente,vlente9g@weibo.com,Male,13.44.247.25
342,Erick,Jurn,ejurn9h@mapquest.com,Male,236.161.77.85
343,Merilyn,Schoolcroft,mschoolcroft9i@dion.ne.jp,Female,218.59.182.81
344,Dorisa,Kolis,dkolis9j@cnet.com,Female,181.172.223.231
345,Kalle,Rubes,krubes9k@naver.com,Male,18.146.253.63
346,Norrie,O' Mullane,nomullane9l@google.cn,Male,84.203.193.122
347,Dorian,Huglin,dhuglin9m@geocities.com,Female,101.41.218.26
348,Debor,Maillard,dmaillard9n@illinois.edu,Female,131.90.160.95
349,Gaspard,Dyett,gdyett9o@weather.com,Male,64.211.0.132
350,Beatrisa,Dayer,bdayer9p@paginegialle.it,Female,22.111.120.152
351,Angelika,Hanna,ahanna9q@php.net,Female,4.225.196.224
352,Gerrard,McEachern,gmceachern9r@bloglines.com,Male,190.62.43.48
353,Tammy,Minchella,tminchella9s@loc.gov,Male,134.41.205.224
354,Ricky,Reary,rreary9t@cpanel.net,Male,185.150.134.44
355,Ingeborg,Dwelley,idwelley9u@seattletimes.com,Female,235.245.101.103
356,Cecilio,Curton,ccurton9v@prnewswire.com,Male,90.37.201.99
357,Archer,Stansby,astansby9w@netscape.com,Male,19.229.106.225
358,Archy,Busse,abusse9x@elegantthemes.com,Male,76.59.5.233
359,Giulia,MacKnight,gmacknight9y@prlog.org,Female,223.58.250.136
360,Paton,Vero,pvero9z@oracle.com,Male,199.39.26.206
361,Melvyn,Echalier,mechaliera0@4shared.com,Male,65.91.136.108
362,Jaimie,Whittall,jwhittalla1@unicef.org,Male,211.83.166.221
363,Thaddus,Larraway,tlarrawaya2@csmonitor.com,Male,179.24.186.247
364,Ofelia,Courtney,ocourtneya3@soup.io,Female,113.8.101.144
365,Ronalda,Custance,rcustancea4@mail.ru,Female,229.67.102.208
366,Marybeth,Alesbrook,malesbrooka5@canalblog.com,Female,174.51.26.227
367,Pavlov,Youll,pyoulla6@eepurl.com,Male,129.179.166.54
368,Lauritz,Hierro,lhierroa7@oracle.com,Male,230.130.191.158
369,Hughie,Merwe,hmerwea8@sina.com.cn,Male,95.65.4.41
370,Mora,Wilsdon,mwilsdona9@ow.ly,Female,205.76.37.29
371,Shaylyn,De Fraine,sdefraineaa@google.co.jp,Female,11.12.21.53
372,Lucais,Stock,lstockab@theatlantic.com,Male,158.13.151.26
373,Gideon,Sandilands,gsandilandsac@who.int,Male,199.152.42.229
374,Gerry,Hook,ghookad@state.gov,Male,133.40.156.175
375,Bengt,Cudworth,bcudworthae@google.it,Male,74.248.239.141
376,Bard,Tuminini,btumininiaf@sphinn.com,Male,158.150.3.43
377,Werner,McTavish,wmctavishag@wordpress.org,Male,44.43.248.77
378,Pollyanna,Clemente,pclementeah@t-online.de,Female,49.51.164.82
379,Anissa,Bossingham,abossinghamai@last.fm,Female,115.253.127.197
380,Lonna,Hebburn,lhebburnaj@dion.ne.jp,Female,144.169.191.182
381,Gil,Tunnicliff,gtunnicliffak@theguardian.com,Male,101.220.140.25
382,Ethe,Maraga,emaragaal@answers.com,Male,74.131.85.80
383,Noah,Hoyte,nhoyteam@ft.com,Male,183.72.6.54
384,Shirlee,Chevin,schevinan@devhub.com,Female,107.134.48.222
385,Clarence,Mulhall,cmulhallao@lycos.com,Male,149.219.66.185
386,Arlyne,Davydenko,adavydenkoap@artisteer.com,Female,46.141.240.146
387,Emilia,Walwood,ewalwoodaq@marketwatch.com,Female,75.247.205.104
388,Deni,Braybrookes,dbraybrookesar@moonfruit.com,Female,90.225.33.197
389,Davey,Drake,ddrakeas@cloudflare.com,Male,124.62.245.164
390,Jarib,Sharkey,jsharkeyat@usa.gov,Male,51.154.48.61
391,Letti,Spencley,lspencleyau@nature.com,Female,27.207.69.3
392,Yehudit,Braunthal,ybraunthalav@cloudflare.com,Male,209.90.74.78
393,Dominique,Orpyne,dorpyneaw@nps.gov,Female,77.1.252.119
394,Serge,Domek,sdomekax@virginia.edu,Male,73.8.120.88
395,Marlowe,Dawidowicz,mdawidowiczay@goo.ne.jp,Male,220.208.103.133
396,Darrin,Whyler,dwhyleraz@theguardian.com,Male,39.166.53.26
397,Camellia,Abbett,cabbettb0@msn.com,Female,19.237.114.56
398,Jamie,Beartup,jbeartupb1@diigo.com,Male,115.111.165.183
399,Durante,Nisuis,dnisuisb2@scientificamerican.com,Male,186.41.111.187
400,Kirstin,Davenport,kdavenportb3@joomla.org,Female,52.33.40.2
401,Desi,Jory,djoryb4@buzzfeed.com,Male,232.95.24.88
402,Marshal,Matley,mmatleyb5@feedburner.com,Male,50.220.46.160
403,Barty,Canton,bcantonb6@independent.co.uk,Male,35.45.13.87
404,Nanette,Innerstone,ninnerstoneb7@boston.com,Female,145.249.206.160
405,Beau,Yalden,byaldenb8@stumbleupon.com,Male,82.191.39.109
406,Joachim,Guthrum,jguthrumb9@jugem.jp,Male,100.107.69.90
407,Mannie,Sopper,msopperba@bravesites.com,Male,246.66.57.20
408,Ailsun,Veazey,aveazeybb@census.gov,Female,242.199.40.187
409,Juana,Strewthers,jstrewthersbc@comcast.net,Female,15.226.39.84
410,Fulton,O'Criane,focrianebd@nhs.uk,Male,65.227.239.167
411,Mignonne,Shearme,mshearmebe@soundcloud.com,Female,52.249.221.181
412,Kipper,Oulett,koulettbf@mapy.cz,Male,217.109.117.137
413,Roderic,Hallahan,rhallahanbg@ehow.com,Male,0.83.219.110
414,Bendick,Fassbindler,bfassbindlerbh@blinklist.com,Male,56.28.225.84
415,Desi,Hammerich,dhammerichbi@shareasale.com,Male,29.97.151.115
416,Donielle,Jones,djonesbj@apache.org,Female,110.98.239.122
417,Josias,Onians,joniansbk@techcrunch.com,Male,251.98.194.25
418,Tiebold,Kanzler,tkanzlerbl@cocolog-nifty.com,Male,196.161.124.164
419,Hughie,Callis,hcallisbm@mayoclinic.com,Male,20.22.164.143
420,Parnell,Cardinale,pcardinalebn@un.org,Male,245.219.195.156
421,Jsandye,Dutt,jduttbo@hugedomains.com,Female,110.150.112.125
422,Jeanne,Frascone,jfrasconebp@spiegel.de,Female,243.24.191.239
423,Phedra,McNab,pmcnabbq@weebly.com,Female,68.182.62.39
424,Nat,Tully,ntullybr@tumblr.com,Male,34.159.150.225
425,Monro,Haye,mhayebs@cdbaby.com,Male,185.23.82.222
426,Haslett,Sheekey,hsheekeybt@delicious.com,Male,86.184.74.93
427,Melli,Barzen,mbarzenbu@yahoo.com,Female,59.44.84.88
428,Jase,Upsale,jupsalebv@independent.co.uk,Male,2.210.129.108
429,Fay,Cossar,fcossarbw@shareasale.com,Female,159.169.178.222
430,Hilton,Padginton,hpadgintonbx@plala.or.jp,Male,209.169.59.179
431,Chicky,Lakeland,clakelandby@clickbank.net,Female,1.5.243.61
432,Joachim,Greggs,jgreggsbz@goodreads.com,Male,208.20.2.31
433,Raymund,Elcoate,relcoatec0@youtu.be,Male,76.118.205.230
434,Andros,Mc Carrick,amccarrickc1@webmd.com,Male,29.131.172.36
435,Misti,Kleinstern,mkleinsternc2@mtv.com,Female,198.110.234.152
436,Cecilla,Severy,cseveryc3@timesonline.co.uk,Female,213.126.142.244
437,Kory,Filipchikov,kfilipchikovc4@reuters.com,Male,87.209.133.37
438,Alexi,Dyet,adyetc5@pbs.org,Female,195.99.118.231
439,Claudell,O' Mullane,comullanec6@google.com.hk,Male,191.253.179.224
440,Susanetta,McCleod,smccleodc7@geocities.com,Female,118.39.231.211
441,Pen,Riolfo,priolfoc8@fema.gov,Male,99.250.218.144
442,Zechariah,Burehill,zburehillc9@privacy.gov.au,Male,141.25.170.207
443,Stanislaw,Measom,smeasomca@free.fr,Male,64.179.179.254
444,Amalle,Cushworth,acushworthcb@msn.com,Female,248.104.166.38
445,Madelaine,O'Ferris,moferriscc@marriott.com,Female,52.25.177.85
446,Colette,Honywill,chonywillcd@ning.com,Female,183.3.120.13
447,Ursuline,Dilloway,udillowayce@msu.edu,Female,215.137.191.144
448,Jeana,Bestwick,jbestwickcf@princeton.edu,Female,238.242.24.57
449,Dareen,Fillingham,dfillinghamcg@umich.edu,Female,187.61.109.20
450,Isidor,Champkins,ichampkinsch@lycos.com,Male,57.112.37.62
451,Matthaeus,De Mars,mdemarsci@va.gov,Male,236.241.197.152
452,Pablo,Luggar,pluggarcj@about.me,Male,106.42.139.120
453,Norrie,Wingar,nwingarck@over-blog.com,Female,46.37.111.53
454,Annemarie,Spitaro,aspitarocl@blogtalkradio.com,Female,193.52.165.246
455,Edna,Fesby,efesbycm@msu.edu,Female,180.239.56.185
456,Storm,Verity,sveritycn@wisc.edu,Female,128.182.34.226
457,Max,Honnicott,mhonnicottco@barnesandnoble.com,Male,19.151.120.167
458,Pincus,Bodill,pbodillcp@seattletimes.com,Male,176.78.211.87
459,Garnet,Calderwood,gcalderwoodcq@blog.com,Female,33.124.122.142
460,Rockie,Spraging,rspragingcr@hostgator.com,Male,23.159.165.250
461,Beaufort,Blune,bblunecs@4shared.com,Male,99.11.44.146
462,Hersh,Larratt,hlarrattct@toplist.cz,Male,249.134.114.93
463,Lilith,Acum,lacumcu@ihg.com,Female,116.114.54.183
464,Myriam,Roskeilly,mroskeillycv@usa.gov,Female,135.155.185.140
465,Dru,Gascoyne,dgascoynecw@redcross.org,Female,217.0.245.1
466,Daniela,Hearnshaw,dhearnshawcx@tripod.com,Female,5.54.212.196
467,Trudie,Jopson,tjopsoncy@php.net,Female,54.23.245.220
468,Cassius,Scading,cscadingcz@myspace.com,Male,106.169.202.143
469,Moyra,Broady,mbroadyd0@stumbleupon.com,Female,178.143.75.28
470,Wayne,Penhall,wpenhalld1@japanpost.jp,Male,252.47.38.243
471,Donavon,Gayther,dgaytherd2@theguardian.com,Male,162.30.86.54
472,Neddy,Kasting,nkastingd3@about.me,Male,156.189.46.108
473,Boyce,Winear,bwineard4@cornell.edu,Male,127.93.98.93
474,Britt,Lovemore,blovemored5@acquirethisname.com,Male,52.201.134.159
475,Gard,Sparry,gsparryd6@smugmug.com,Male,237.7.13.50
476,Pierrette,Kirkham,pkirkhamd7@skype.com,Female,120.156.155.190
477,Benn,Ongin,bongind8@independent.co.uk,Male,134.198.144.252
478,Silvie,Glasspool,sglasspoold9@imdb.com,Female,182.78.32.224
479,Marten,Larby,mlarbyda@odnoklassniki.ru,Male,22.14.224.171
480,Ric,Andreaccio,randreacciodb@hubpages.com,Male,17.195.152.127
481,Kalil,Carvell,kcarvelldc@abc.net.au,Male,230.72.41.122
482,Alasteir,Bothram,abothramdd@ning.com,Male,93.205.107.78
483,Angele,Brownjohn,abrownjohnde@nyu.edu,Female,179.51.70.247
484,Blair,Tewkesbury.,btewkesburydf@wikipedia.org,Female,85.69.252.34
485,Kristo,Boick,kboickdg@tripod.com,Male,87.73.179.196
486,Hillard,Stable,hstabledh@netlog.com,Male,13.166.58.24
487,Kamila,Bosley,kbosleydi@admin.ch,Female,222.143.221.153
488,Knox,O'Drought,kodroughtdj@google.com.br,Male,128.70.17.181
489,Maynard,Le Provost,mleprovostdk@berkeley.edu,Male,214.68.168.129
490,Munroe,Pleuman,mpleumandl@slideshare.net,Male,251.212.100.250
491,Jillian,Ruddy,jruddydm@squidoo.com,Female,5.151.174.3
492,Dniren,Sturney,dsturneydn@prweb.com,Female,129.141.237.50
493,Arman,Uff,auffdo@t.co,Male,54.104.215.138
494,Gus,Loody,gloodydp@irs.gov,Male,18.105.32.116
495,Bria,Thurnham,bthurnhamdq@japanpost.jp,Female,26.110.137.77
496,Christal,Mangeney,cmangeneydr@cnn.com,Female,105.80.117.52
497,Blair,Staniforth,bstaniforthds@chronoengine.com,Male,91.165.212.93
498,Elsey,Bemwell,ebemwelldt@soundcloud.com,Female,96.94.169.252
499,Cathrin,D'Agostini,cdagostinidu@youtu.be,Female,197.128.74.144
500,Maddie,Kellett,mkellettdv@wikispaces.com,Female,88.54.167.199
501,Harmonie,Nuzzi,hnuzzidw@blinklist.com,Female,91.65.164.225
502,Packston,Tickner,pticknerdx@de.vu,Male,145.47.177.120
503,Grayce,Pechan,gpechandy@wix.com,Female,227.116.208.98
504,Anna-maria,Bosenworth,abosenworthdz@gmpg.org,Female,44.64.159.169
505,Coletta,Crandon,ccrandone0@desdev.cn,Female,80.10.143.245
506,Saraann,McCane,smccanee1@blogspot.com,Female,80.211.116.65
507,Kenton,Poli,kpolie2@jugem.jp,Male,32.58.149.64
508,Huntley,Healing,hhealinge3@imgur.com,Male,160.120.5.232
509,Sherwynd,Fowlestone,sfowlestonee4@netlog.com,Male,18.155.50.21
510,Saundra,Gagie,sgagiee5@linkedin.com,Female,32.35.56.200
511,Noelani,Keattch,nkeattche6@eepurl.com,Female,74.59.206.24
512,Dodie,Tyrrell,dtyrrelle7@deliciousdays.com,Female,231.191.118.1
513,Gannon,Sleford,gsleforde8@stanford.edu,Male,143.228.68.216
514,Noelle,Haburne,nhaburnee9@china.com.cn,Female,109.16.178.181
515,Jessa,Kiddle,jkiddleea@blinklist.com,Female,207.153.174.74
516,Tori,Tranfield,ttranfieldeb@pagesperso-orange.fr,Female,168.138.164.69
517,Caryl,Boase,cboaseec@youku.com,Male,250.62.227.8
518,Aggie,Klainman,aklainmaned@merriam-webster.com,Female,60.175.46.5
519,Paco,Battams,pbattamsee@tiny.cc,Male,155.168.47.148
520,Braden,Arents,barentsef@surveymonkey.com,Male,108.140.103.227
521,Nickey,Spradbrow,nspradbroweg@wordpress.org,Male,189.228.28.159
522,Alisun,McColm,amccolmeh@purevolume.com,Female,59.25.34.102
523,Karina,Digby,kdigbyei@yandex.ru,Female,144.35.122.176
524,Randene,Elcomb,relcombej@businessweek.com,Female,70.35.214.237
525,Malinda,Laphorn,mlaphornek@hud.gov,Female,242.8.78.170
526,Jolene,Flatley,jflatleyel@ibm.com,Female,169.49.42.229
527,Corrine,Jirka,cjirkaem@amazonaws.com,Female,214.92.202.148
528,Clarance,Convery,cconveryen@reddit.com,Male,28.197.48.126
529,Milton,Pesak,mpesakeo@weibo.com,Male,246.110.219.198
530,Katti,Coldwell,kcoldwellep@1und1.de,Female,23.58.157.196
531,Golda,Downe,gdowneeq@cnbc.com,Female,94.26.223.91
532,Prentiss,Sinott,psinotter@gmpg.org,Male,94.161.226.243
533,Egon,Altofts,ealtoftses@lulu.com,Male,224.253.112.86
534,Kurtis,Meindl,kmeindlet@t-online.de,Male,234.86.194.165
535,Carmine,Cleef,ccleefeu@a8.net,Female,56.155.241.187
536,Aluino,Hunnisett,ahunnisettev@mashable.com,Male,104.82.67.22
537,Ignacio,Dach,idachew@ebay.co.uk,Male,106.82.103.198
538,Ellswerth,Gallico,egallicoex@edublogs.org,Male,203.67.36.183
539,Jake,Guillet,jguilletey@shop-pro.jp,Male,219.159.122.197
540,Domeniga,Coker,dcokerez@auda.org.au,Female,97.123.237.232
541,Hunter,Thom,hthomf0@amazon.co.uk,Male,126.163.4.76
542,Amos,Faithfull,afaithfullf1@arstechnica.com,Male,138.166.121.249
543,Reggis,Caldwell,rcaldwellf2@edublogs.org,Male,84.117.229.47
544,Donal,Donald,ddonaldf3@amazon.co.uk,Male,6.160.127.227
545,Petr,Foggarty,pfoggartyf4@arstechnica.com,Male,133.238.47.99
546,Chester,Litchmore,clitchmoref5@omniture.com,Male,106.132.178.26
547,Evonne,Zanutti,ezanuttif6@archive.org,Female,151.244.13.40
548,Sallie,Woosnam,swoosnamf7@deliciousdays.com,Female,168.199.33.134
549,Daron,Scrace,dscracef8@cnn.com,Male,147.154.52.113
550,Bert,Abbatucci,babbatuccif9@newsvine.com,Male,3.138.218.124
551,Egan,Doldon,edoldonfa@cornell.edu,Male,235.39.202.1
552,Edgar,Jeaffreson,ejeaffresonfb@zimbio.com,Male,200.83.109.178
553,Brad,Gussin,bgussinfc@statcounter.com,Male,102.146.161.164
554,Shane,Allenby,sallenbyfd@hexun.com,Female,78.149.194.21
555,Cleveland,Moberley,cmoberleyfe@dell.com,Male,218.163.138.9
556,Claiborn,Laurisch,claurischff@xrea.com,Male,131.174.41.204
557,Charles,Docksey,cdockseyfg@uol.com.br,Male,168.118.90.170
558,Foss,Zukerman,fzukermanfh@unesco.org,Male,217.82.88.76
559,Wayland,Oak,woakfi@state.gov,Male,85.209.216.97
560,Nilson,Sizzey,nsizzeyfj@miitbeian.gov.cn,Male,54.245.61.22
561,Crissie,Itzkovsky,citzkovskyfk@ocn.ne.jp,Female,161.50.30.197
562,Scottie,Paddefield,spaddefieldfl@weather.com,Male,27.180.26.37
563,Ladonna,De Hooch,ldehoochfm@unblog.fr,Female,203.6.137.168
564,Callida,Lockhead,clockheadfn@studiopress.com,Female,3.188.7.237
565,Gallagher,Stratton,gstrattonfo@abc.net.au,Male,41.159.222.84
566,Elissa,Plante,eplantefp@phoca.cz,Female,174.62.198.201
567,Kile,Stangoe,kstangoefq@cornell.edu,Male,160.226.154.48
568,Leonhard,Robertot,lrobertotfr@amazon.co.jp,Male,85.189.33.39
569,Othelia,Torrisi,otorrisifs@mozilla.com,Female,231.67.101.203
570,Boycie,Shaw,bshawft@si.edu,Male,191.157.240.174
571,Ephrem,Mandrey,emandreyfu@hp.com,Male,12.148.7.52
572,Justen,Hayworth,jhayworthfv@rambler.ru,Male,110.167.240.235
573,Jasen,Backs,jbacksfw@miitbeian.gov.cn,Male,240.207.58.226
574,Den,Press,dpressfx@shop-pro.jp,Male,230.157.217.135
575,Fairlie,McDougall,fmcdougallfy@lycos.com,Male,142.87.188.1
576,Jocko,MacGeaney,jmacgeaneyfz@desdev.cn,Male,150.54.238.204
577,Laurel,Ipsgrave,lipsgraveg0@craigslist.org,Female,83.44.28.140
578,Crissy,MacRinn,cmacrinng1@goodreads.com,Female,6.144.113.153
579,Timotheus,Borrett,tborrettg2@elpais.com,Male,226.82.118.19
580,Zebulen,Hogsden,zhogsdeng3@seattletimes.com,Male,167.105.94.242
581,Tybi,Whieldon,twhieldong4@dell.com,Female,227.241.185.203
582,Jessica,Hazelby,jhazelbyg5@live.com,Female,75.1.136.44
583,Isabel,Flintoffe,iflintoffeg6@moonfruit.com,Female,170.162.133.153
584,Syd,Morrad,smorradg7@cnbc.com,Male,168.46.209.53
585,Francoise,Bradbeer,fbradbeerg8@hao123.com,Female,234.128.15.13
586,Domenico,Lunney,dlunneyg9@cnet.com,Male,219.240.1.183
587,Tobye,Thurske,tthurskega@sitemeter.com,Female,79.36.213.39
588,Johnathan,Pharoah,jpharoahgb@amazon.com,Male,102.107.116.216
589,Cordie,Durgan,cdurgangc@ning.com,Female,40.48.5.8
590,Thomasa,Wallentin,twallentingd@pbs.org,Female,117.172.20.95
591,Cornelle,Alldred,calldredge@last.fm,Female,82.143.81.210
592,Rhetta,Hardingham,rhardinghamgf@va.gov,Female,9.213.177.45
593,Sapphira,Garforth,sgarforthgg@google.de,Female,44.79.12.67
594,Ulberto,Dymott,udymottgh@a8.net,Male,99.86.247.221
595,Cherilyn,Breckenridge,cbreckenridgegi@github.io,Female,213.194.36.71
596,Amalie,Vaar,avaargj@usda.gov,Female,222.106.143.224
597,Bron,Farnorth,bfarnorthgk@github.com,Male,49.39.159.164
598,Nora,Hunnable,nhunnablegl@cmu.edu,Female,180.44.24.160
599,Shurlock,Smidmor,ssmidmorgm@last.fm,Male,209.106.187.187
600,Brett,Dionisi,bdionisign@phoca.cz,Male,164.130.87.33
601,Boonie,Sarath,bsarathgo@europa.eu,Male,66.16.58.123
602,Mackenzie,Gussin,mgussingp@dmoz.org,Male,212.196.197.123
603,Lauren,Leeuwerink,lleeuwerinkgq@dell.com,Female,146.38.20.33
604,Giles,Hurling,ghurlinggr@indiegogo.com,Male,18.215.250.173
605,Flin,Pashba,fpashbags@scribd.com,Male,235.203.67.73
606,Nevin,Slee,nsleegt@usatoday.com,Male,37.133.125.193
607,Lukas,Zoppo,lzoppogu@ucla.edu,Male,71.226.39.81
608,Leoine,Betke,lbetkegv@ustream.tv,Female,128.100.224.10
609,Christiano,Warwick,cwarwickgw@msn.com,Male,105.107.47.131
610,Carlin,Liversley,cliversleygx@dmoz.org,Female,132.222.86.9
611,Pascal,Laurance,plaurancegy@github.io,Male,23.177.107.118
612,Abbie,Spragge,aspraggegz@noaa.gov,Male,10.247.106.108
613,Florry,Locksley,flocksleyh0@go.com,Female,82.127.185.23
614,Hart,Rickerd,hrickerdh1@cisco.com,Male,167.229.165.22
615,Anselm,Morling,amorlingh2@indiatimes.com,Male,47.74.15.206
616,Evy,Banat,ebanath3@washington.edu,Female,188.113.226.41
617,Hugh,Rings,hringsh4@blogtalkradio.com,Male,120.21.252.203
618,Truman,Klimkiewich,tklimkiewichh5@php.net,Male,83.86.35.93
619,Sammy,Airlie,sairlieh6@discuz.net,Male,251.106.115.116
620,Heinrik,Koles,hkolesh7@merriam-webster.com,Male,138.237.197.248
621,Kettie,Ricardon,kricardonh8@washington.edu,Female,11.163.172.254
622,Ade,McNaughton,amcnaughtonh9@biglobe.ne.jp,Male,217.188.129.30
623,Max,Dykins,mdykinsha@tripadvisor.com,Male,146.19.231.154
624,Hadley,Cherry Holme,hcherryholmehb@elpais.com,Male,236.147.45.135
625,Cathleen,Kuhndel,ckuhndelhc@google.co.uk,Female,113.214.103.20
626,Charley,Gettens,cgettenshd@dyndns.org,Male,54.110.103.156
627,Horatio,Sutherel,hsutherelhe@berkeley.edu,Male,213.85.92.244
628,Stefania,Stapleton,sstapletonhf@dropbox.com,Female,32.223.148.35
629,Libbey,Tarver,ltarverhg@merriam-webster.com,Female,8.9.119.186
630,Gideon,Scocroft,gscocrofthh@ameblo.jp,Male,195.192.55.164
631,Rebeca,Meedendorpe,rmeedendorpehi@flickr.com,Female,239.179.71.209
632,Genevra,Doornbos,gdoornboshj@tripadvisor.com,Female,140.228.239.5
633,Dorena,Stuckes,dstuckeshk@alexa.com,Female,17.106.128.191
634,Dee,Ivanenko,divanenkohl@bravesites.com,Female,138.136.159.215
635,Saraann,Golborne,sgolbornehm@hatena.ne.jp,Female,180.29.49.1
636,Alwyn,Keilloh,akeillohhn@marketwatch.com,Male,140.206.117.21
637,Barbabas,Jennins,bjenninsho@vk.com,Male,10.138.10.248
638,Dew,Gymblett,dgymbletthp@goo.ne.jp,Male,232.9.60.107
639,Theressa,Spenceley,tspenceleyhq@omniture.com,Female,5.193.166.60
640,Elissa,Royall,eroyallhr@amazon.com,Female,219.48.118.129
641,Weider,Albury,walburyhs@walmart.com,Male,244.79.196.92
642,Justis,Bentham3,jbenthamht@washingtonpost.com,Male,205.71.41.222
643,Vivien,Benez,vbenezhu@infoseek.co.jp,Female,27.88.57.68
644,Francisca,Boick,fboickhv@yale.edu,Female,49.111.83.203
645,Ario,Pashan,apashanhw@amazonaws.com,Male,35.3.5.25
646,Elisha,Brownsmith,ebrownsmithhx@smh.com.au,Female,216.214.110.198
647,Tomas,Cokely,tcokelyhy@bravesites.com,Male,102.34.165.239
648,Wernher,Sarginson,wsarginsonhz@ucoz.com,Male,170.131.167.13
649,Dunc,MacMoyer,dmacmoyeri0@nytimes.com,Male,95.7.197.82
650,Sanford,Fabri,sfabrii1@dropbox.com,Male,36.93.122.116
651,Charlot,Blodget,cblodgeti2@qq.com,Female,40.191.181.214
652,Ade,Yanshonok,ayanshonoki3@xinhuanet.com,Male,12.18.169.134
653,Angel,Udden,auddeni4@pagesperso-orange.fr,Female,90.144.246.6
654,Charyl,Seegar,cseegari5@sakura.ne.jp,Female,245.88.233.241
655,Farica,Philo,fphiloi6@youtube.com,Female,173.118.182.227
656,Clio,Ansley,cansleyi7@about.com,Female,114.103.183.201
657,Karlan,Cinnamond,kcinnamondi8@wufoo.com,Male,78.79.106.48
658,Bernita,McAuslan,bmcauslani9@deviantart.com,Female,71.44.124.34
659,Loren,Bignall,lbignallia@csmonitor.com,Male,25.123.138.245
660,Royal,Normanvill,rnormanvillib@edublogs.org,Male,93.120.75.176
661,Toinette,Blaskett,tblaskettic@admin.ch,Female,198.39.130.178
662,Christoforo,Fernihough,cfernihoughid@webnode.com,Male,34.16.214.191
663,Paulette,Mabey,pmabeyie@behance.net,Female,158.233.13.227
664,Israel,Birwhistle,ibirwhistleif@sakura.ne.jp,Male,97.191.199.140
665,Mitchell,Dominighi,mdominighiig@tamu.edu,Male,2.29.232.143
666,Gus,Pettinger,gpettingerih@columbia.edu,Male,201.92.16.186
667,Raimundo,Keoghane,rkeoghaneii@creativecommons.org,Male,20.212.62.85
668,Ade,Gurko,agurkoij@aboutads.info,Male,30.131.62.210
669,Nedda,Kobierzycki,nkobierzyckiik@devhub.com,Female,235.83.186.91
670,Grissel,Longo,glongoil@vk.com,Female,187.86.109.123
671,Vinny,Kenderdine,vkenderdineim@acquirethisname.com,Male,226.76.32.113
672,Hersch,Deeny,hdeenyin@bluehost.com,Male,122.200.196.124
673,Vince,Tuck,vtuckio@joomla.org,Male,139.95.83.213
674,Jarib,Hazeltine,jhazeltineip@globo.com,Male,146.66.14.181
675,Adella,Vernham,avernhamiq@w3.org,Female,25.242.155.60
676,Ted,Coenraets,tcoenraetsir@psu.edu,Female,79.122.255.107
677,Bordy,Crinson,bcrinsonis@washingtonpost.com,Male,54.148.10.118
678,Rawley,Frankum,rfrankumit@aboutads.info,Male,205.202.217.213
679,Byron,Crier,bcrieriu@xing.com,Male,43.64.100.82
680,Hattie,Philbrook,hphilbrookiv@list-manage.com,Female,169.37.29.181
681,Ketti,Bowhay,kbowhayiw@tiny.cc,Female,198.225.202.152
682,Brod,Luton,blutonix@guardian.co.uk,Male,28.205.93.118
683,Chester,Whittleton,cwhittletoniy@squarespace.com,Male,82.123.85.101
684,Carlyle,Neath,cneathiz@army.mil,Male,253.45.200.12
685,Larine,Niese,lniesej0@last.fm,Female,207.230.109.217
686,Micheil,Bradick,mbradickj1@webeden.co.uk,Male,20.178.29.21
687,Maggy,Sawl,msawlj2@accuweather.com,Female,235.195.180.127
688,Morissa,Skippen,mskippenj3@columbia.edu,Female,50.20.131.85
689,Monti,Stirzaker,mstirzakerj4@a8.net,Male,205.223.217.249
690,Gregoor,Brandon,gbrandonj5@mapquest.com,Male,58.31.79.235
691,Quintin,Featherston,qfeatherstonj6@gravatar.com,Male,61.68.53.16
692,Karl,Flude,kfludej7@si.edu,Male,157.173.218.204
693,Rafaello,Vanin,rvaninj8@nytimes.com,Male,84.220.31.144
694,Bernarr,Fancourt,bfancourtj9@slate.com,Male,69.140.7.233
695,Petronella,Sibley,psibleyja@mediafire.com,Female,53.133.49.99
696,Guenevere,Marians,gmariansjb@scientificamerican.com,Female,159.165.253.154
697,Tracy,Gronaver,tgronaverjc@live.com,Male,154.156.35.48
698,Josselyn,Bottinelli,jbottinellijd@mashable.com,Female,207.169.245.67
699,Quill,Hallaways,qhallawaysje@google.ca,Male,163.65.251.54
700,Talia,Beatey,tbeateyjf@aol.com,Female,17.6.191.28
701,Thibaut,Morhall,tmorhalljg@bandcamp.com,Male,121.138.12.183
702,Aliza,Laviste,alavistejh@cbc.ca,Female,197.252.199.220
703,Dov,Borkett,dborkettji@opensource.org,Male,192.72.70.232
704,Yoko,Othen,yothenjj@thetimes.co.uk,Female,49.194.171.95
705,Milissent,Pykett,mpykettjk@mapquest.com,Female,87.187.204.6
706,Sinclare,Meehan,smeehanjl@plala.or.jp,Male,143.210.114.213
707,Tomlin,Bedo,tbedojm@yolasite.com,Male,216.55.171.138
708,Darcy,Kolczynski,dkolczynskijn@wsj.com,Female,46.101.14.173
709,Garald,Jarmaine,gjarmainejo@feedburner.com,Male,148.189.117.211
710,Felix,Reach,freachjp@oakley.com,Male,130.28.42.148
711,Darci,Granville,dgranvillejq@dedecms.com,Female,136.95.157.194
712,Knox,Harrill,kharrilljr@pbs.org,Male,204.13.10.30
713,Bianca,Mayes,bmayesjs@usda.gov,Female,89.194.200.110
714,Marni,Ainger,maingerjt@zdnet.com,Female,194.61.58.182
715,Bartholemy,Jellicorse,bjellicorseju@imgur.com,Male,8.125.131.161
716,Letty,Castella,lcastellajv@businessinsider.com,Female,240.10.223.183
717,Jehu,Lelievre,jlelievrejw@youtube.com,Male,102.56.38.101
718,Thibaut,Ragborne,tragbornejx@wufoo.com,Male,148.211.9.49
719,Barbaraanne,Monard,bmonardjy@dailymotion.com,Female,236.63.145.76
720,Stewart,Baigrie,sbaigriejz@bloomberg.com,Male,35.79.108.64
721,Lester,Wiggall,lwiggallk0@ovh.net,Male,146.156.146.79
722,Keven,Dayley,kdayleyk1@cdc.gov,Male,20.187.131.199
723,Anselma,Sarginson,asarginsonk2@theatlantic.com,Female,44.113.74.60
724,Ulrika,Shilvock,ushilvockk3@eventbrite.com,Female,19.225.115.118
725,Carolyn,Figurski,cfigurskik4@gov.uk,Female,215.2.122.20
726,Yoko,Leonards,yleonardsk5@cnn.com,Female,122.147.45.39
727,Karl,Stedson,kstedsonk6@google.com.br,Male,177.91.157.165
728,Maxie,Curnucke,mcurnuckek7@xrea.com,Female,131.0.23.82
729,Zilvia,Agnolo,zagnolok8@trellian.com,Female,225.139.185.104
730,Klement,Hazley,khazleyk9@odnoklassniki.ru,Male,155.129.218.15
731,Sloane,Gundry,sgundryka@seattletimes.com,Male,10.50.78.135
732,Bat,Cail,bcailkb@ucla.edu,Male,65.161.143.207
733,Jana,Kidde,jkiddekc@godaddy.com,Female,183.221.197.237
734,Tanner,Kohnen,tkohnenkd@mapquest.com,Male,58.220.144.155
735,Colleen,Daton,cdatonke@usatoday.com,Female,80.97.116.249
736,Gunner,Hindrick,ghindrickkf@theatlantic.com,Male,151.47.122.202
737,Celina,Matkovic,cmatkovickg@biblegateway.com,Female,254.165.73.54
738,Cathrine,Pickston,cpickstonkh@go.com,Female,67.4.109.127
739,Matthus,Jedrych,mjedrychki@opera.com,Male,139.85.210.150
740,Barnett,Fickling,bficklingkj@chron.com,Male,214.39.189.5
741,Crosby,Poacher,cpoacherkk@opera.com,Male,79.165.83.197
742,Salomone,Ottewill,sottewillkl@lycos.com,Male,208.212.80.16
743,Anastasie,Allberry,aallberrykm@studiopress.com,Female,78.47.35.150
744,Bucky,Rottery,brotterykn@amazon.com,Male,107.94.55.179
745,Grover,Storms,gstormsko@constantcontact.com,Male,93.246.117.64
746,Davis,Cuffin,dcuffinkp@utexas.edu,Male,140.104.180.87
747,Layne,Achromov,lachromovkq@desdev.cn,Female,14.112.102.36
748,Leela,Sambidge,lsambidgekr@imageshack.us,Female,184.82.32.117
749,Magdalena,Franceschi,mfranceschiks@tinypic.com,Female,90.187.130.125
750,Katinka,Jado,kjadokt@hao123.com,Female,39.71.91.236
751,Royall,Wibberley,rwibberleyku@printfriendly.com,Male,99.111.21.45
752,Gordan,Sang,gsangkv@imdb.com,Male,98.0.166.191
753,Efrem,Budd,ebuddkw@tumblr.com,Male,7.183.79.119
754,Sully,Bruinsma,sbruinsmakx@mapy.cz,Male,42.153.146.244
755,Kelley,Berardt,kberardtky@wordpress.com,Male,210.239.51.191
756,Wendi,Paye,wpayekz@noaa.gov,Female,5.3.86.110
757,Inez,Douris,idourisl0@discuz.net,Female,130.162.112.105
758,Franz,Domone,fdomonel1@hao123.com,Male,102.44.97.36
759,Edlin,Wison,ewisonl2@soundcloud.com,Male,138.0.138.178
760,Rebecka,Kedwell,rkedwelll3@jugem.jp,Female,33.150.234.114
761,Sheri,Sleigh,ssleighl4@state.tx.us,Female,88.252.199.163
762,Dal,Northedge,dnorthedgel5@chronoengine.com,Male,36.196.201.51
763,Mandel,Palombi,mpalombil6@biglobe.ne.jp,Male,253.114.229.46
764,Faulkner,Caughte,fcaughtel7@businessweek.com,Male,59.3.157.2
765,Leisha,Twinborne,ltwinbornel8@utexas.edu,Female,66.53.188.116
766,Lona,Whimp,lwhimpl9@sun.com,Female,17.234.116.134
767,Concordia,Jury,cjuryla@pcworld.com,Female,216.251.136.6
768,Kirby,Beardwood,kbeardwoodlb@dagondesign.com,Female,238.203.98.107
769,Wilden,Sline,wslinelc@flavors.me,Male,237.188.140.48
770,Roley,Praton,rpratonld@imgur.com,Male,226.39.220.160
771,Kareem,Storrah,kstorrahle@businesswire.com,Male,6.207.221.201
772,Egor,Leggin,elegginlf@google.nl,Male,214.32.169.183
773,Jarrad,Austen,jaustenlg@symantec.com,Male,55.207.212.202
774,Avie,Klesl,aklesllh@google.ru,Female,5.45.38.177
775,Arlan,Hagyard,ahagyardli@microsoft.com,Male,139.68.157.123
776,Abba,Billison,abillisonlj@wisc.edu,Male,18.98.13.141
777,Marylin,Hames,mhameslk@about.me,Female,48.251.41.241
778,Bartie,Coyte,bcoytell@163.com,Male,126.170.107.56
779,Danny,Dicty,ddictylm@lulu.com,Male,166.154.74.200
780,Doroteya,Brunesco,dbrunescoln@boston.com,Female,251.63.175.33
781,Ruthann,Bearham,rbearhamlo@mozilla.com,Female,164.214.14.30
782,Dari,Kerkham,dkerkhamlp@mediafire.com,Female,216.134.142.223
783,Eadmund,Elkington,eelkingtonlq@bing.com,Male,10.81.105.60
784,Heindrick,Umfrey,humfreylr@nytimes.com,Male,205.120.157.213
785,Kris,Jude,kjudels@instagram.com,Female,166.123.98.198
786,Elvyn,Varian,evarianlt@archive.org,Male,98.62.216.163
787,Wilma,Cuxson,wcuxsonlu@narod.ru,Female,73.0.185.54
788,Eloise,Eliyahu,eeliyahulv@nyu.edu,Female,247.37.132.226
789,Benson,Abramski,babramskilw@xinhuanet.com,Male,255.237.102.177
790,Alisa,Pargeter,apargeterlx@baidu.com,Female,234.192.110.4
791,Aurel,Kehir,akehirly@un.org,Female,110.20.186.61
792,Gabby,Golthorpp,ggolthorpplz@wired.com,Male,217.176.254.106
793,Eugen,Heggadon,eheggadonm0@printfriendly.com,Male,31.74.42.82
794,Jasmin,Jose,jjosem1@networksolutions.com,Female,232.5.43.78
795,Amalia,Bleby,ablebym2@wufoo.com,Female,185.170.214.244
796,Vlad,Assender,vassenderm3@1und1.de,Male,44.89.212.137
797,Gabriel,Gilli,ggillim4@samsung.com,Female,165.45.14.71
798,Cherlyn,Tolcher,ctolcherm5@storify.com,Female,139.123.11.181
799,Dillon,Blastock,dblastockm6@wp.com,Male,163.96.140.244
800,Munmro,Chown,mchownm7@craigslist.org,Male,238.222.253.183
801,Marna,Palphramand,mpalphramandm8@parallels.com,Female,89.53.233.96
802,Caesar,Hemerijk,chemerijkm9@reuters.com,Male,43.136.215.23
803,Barclay,Mundie,bmundiema@twitter.com,Male,122.157.117.154
804,Candice,Tanser,ctansermb@globo.com,Female,239.5.183.127
805,Nikki,Mackie,nmackiemc@desdev.cn,Female,81.191.38.228
806,Karita,Pollock,kpollockmd@canalblog.com,Female,151.246.212.10
807,Zonnya,Ragsdale,zragsdaleme@fda.gov,Female,236.156.59.134
808,Edith,Vanyard,evanyardmf@arstechnica.com,Female,141.62.101.8
809,Ashby,Dimitru,adimitrumg@cdc.gov,Male,249.186.209.147
810,Dorey,Fisk,dfiskmh@samsung.com,Male,157.133.94.245
811,Gunther,Storey,gstoreymi@deliciousdays.com,Male,156.134.90.94
812,Tabbi,Goodman,tgoodmanmj@artisteer.com,Female,33.26.226.126
813,Papageno,Maestrini,pmaestrinimk@simplemachines.org,Male,218.67.88.187
814,Zulema,Thonger,zthongerml@guardian.co.uk,Female,193.21.70.61
815,Obediah,Matthis,omatthismm@123-reg.co.uk,Male,201.160.118.25
816,Bartram,Van der Mark,bvandermarkmn@illinois.edu,Male,126.206.129.41
817,Alvinia,Zannutti,azannuttimo@foxnews.com,Female,36.214.35.226
818,Jeanie,Koenen,jkoenenmp@earthlink.net,Female,84.219.121.150
819,Ripley,McMahon,rmcmahonmq@barnesandnoble.com,Male,59.88.180.196
820,Leoline,Poundford,lpoundfordmr@wordpress.com,Female,144.240.221.200
821,Briney,Sibbit,bsibbitms@economist.com,Female,153.19.162.5
822,Vasili,Grindell,vgrindellmt@usa.gov,Male,64.8.245.157
823,Reggie,Bunclark,rbunclarkmu@nymag.com,Female,29.228.164.27
824,Dennison,Peyton,dpeytonmv@discovery.com,Male,63.157.252.209
825,Ab,Scinelli,ascinellimw@studiopress.com,Male,251.35.92.225
826,Paulo,Slyford,pslyfordmx@un.org,Male,208.26.108.13
827,Irena,Marquand,imarquandmy@addtoany.com,Female,65.168.187.200
828,Pandora,Matiewe,pmatiewemz@oakley.com,Female,81.3.14.149
829,Honor,Lovelace,hlovelacen0@soundcloud.com,Female,105.225.5.169
830,Mayne,Braybrook,mbraybrookn1@businessinsider.com,Male,161.86.122.2
831,Catherin,Hilland,chillandn2@cornell.edu,Female,95.108.104.177
832,Darelle,Kenrack,dkenrackn3@t.co,Female,252.121.105.55
833,Ephraim,Houseley,ehouseleyn4@shop-pro.jp,Male,111.132.246.148
834,Ashby,Klaussen,aklaussenn5@tmall.com,Male,202.228.9.48
835,Pet,Channing,pchanningn6@opera.com,Female,202.101.71.106
836,Abbe,Brittan,abrittann7@123-reg.co.uk,Female,184.228.38.208
837,Mart,Bruckmann,mbruckmannn8@parallels.com,Male,48.243.47.204
838,Richmond,Gealle,rgeallen9@delicious.com,Male,127.26.86.183
839,Gregorio,Dashkovich,gdashkovichna@fotki.com,Male,76.89.2.69
840,Alyosha,Edge,aedgenb@google.cn,Male,45.6.203.49
841,Iorgo,Jacobs,ijacobsnc@nba.com,Male,33.220.31.197
842,Orazio,Paulazzi,opaulazzind@statcounter.com,Male,9.90.56.38
843,Mitzi,Hindshaw,mhindshawne@drupal.org,Female,103.202.164.70
844,Alan,Fenney,afenneynf@who.int,Male,36.148.248.254
845,Verne,Snedker,vsnedkerng@fema.gov,Male,139.85.15.47
846,Aube,Jeandillou,ajeandillounh@bandcamp.com,Male,14.162.191.163
847,Rani,Pakeman,rpakemanni@usatoday.com,Female,98.232.225.99
848,Raphael,McCanny,rmccannynj@comsenz.com,Male,150.54.157.87
849,Brooks,Browse,bbrowsenk@chron.com,Female,240.211.42.14
850,Antonius,Swaile,aswailenl@sakura.ne.jp,Male,202.128.18.238
851,Matilda,McFarlane,mmcfarlanenm@gov.uk,Female,31.115.205.170
852,Marji,Goodburn,mgoodburnnn@reddit.com,Female,36.244.223.129
853,Merill,Bartels,mbartelsno@cisco.com,Male,235.195.225.162
854,Livia,Mowsdill,lmowsdillnp@upenn.edu,Female,169.186.142.84
855,Pegeen,Cush,pcushnq@home.pl,Female,105.36.137.2
856,Kilian,Cremins,kcreminsnr@prweb.com,Male,166.109.102.51
857,Caprice,Lorent,clorentns@tiny.cc,Female,21.199.250.210
858,Woodman,MacAlpin,wmacalpinnt@ox.ac.uk,Male,111.114.226.155
859,Brandise,Tunniclisse,btunniclissenu@mtv.com,Female,136.72.166.201
860,Rhiamon,Rennox,rrennoxnv@sitemeter.com,Female,99.181.149.233
861,Christy,McKerley,cmckerleynw@gov.uk,Female,78.53.88.16
862,Christophorus,Muslim,cmuslimnx@opera.com,Male,202.107.139.91
863,Rodger,Rushe,rrusheny@springer.com,Male,77.12.176.33
864,Bridie,Wix,bwixnz@google.co.uk,Female,88.163.92.252
865,Augustus,McGrill,amcgrillo0@altervista.org,Male,169.244.132.18
866,Winny,Davey,wdaveyo1@businesswire.com,Male,99.45.7.44
867,Filide,McCarrell,fmccarrello2@google.co.uk,Female,80.179.233.222
868,Tymothy,Shipway,tshipwayo3@canalblog.com,Male,87.182.124.130
869,Shaine,Ridgewell,sridgewello4@dailymail.co.uk,Male,255.223.161.207
870,Gardy,Aucock,gaucocko5@marriott.com,Male,123.50.184.6
871,Thane,Meddings,tmeddingso6@prweb.com,Male,108.238.82.77
872,Pate,Duckham,pduckhamo7@gmpg.org,Male,255.89.71.63
873,Danica,Idell,didello8@latimes.com,Female,204.165.117.174
874,Filbert,Swyn,fswyno9@uiuc.edu,Male,233.151.101.126
875,Rowen,Gregson,rgregsonoa@squarespace.com,Male,188.41.130.44
876,Travus,Donner,tdonnerob@eepurl.com,Male,242.230.171.3
877,Andria,Perceval,apercevaloc@rakuten.co.jp,Female,105.86.130.199
878,Orin,Verchambre,overchambreod@shutterfly.com,Male,16.163.218.253
879,Rosemary,Le feaver,rlefeaveroe@tumblr.com,Female,36.65.192.35
880,Zitella,Boom,zboomof@state.tx.us,Female,73.115.28.91
881,Kilian,Boolsen,kboolsenog@youtu.be,Male,86.75.196.19
882,Cesar,Gedge,cgedgeoh@salon.com,Male,127.243.234.179
883,Quent,Whiffen,qwhiffenoi@wikispaces.com,Male,67.191.124.11
884,Freddie,Mattin,fmattinoj@hc360.com,Female,21.133.32.132
885,Martguerita,Rabley,mrableyok@vk.com,Female,19.122.2.36
886,Ingunna,Tezure,itezureol@elpais.com,Female,228.54.211.39
887,Reginauld,Potter,rpotterom@cbslocal.com,Male,177.15.25.22
888,Salaidh,Cockin,scockinon@flickr.com,Female,22.61.83.140
889,Suzi,Paskins,spaskinsoo@gmpg.org,Female,233.199.210.47
890,Clarey,Brigstock,cbrigstockop@craigslist.org,Female,172.95.173.194
891,Martguerita,Skpsey,mskpseyoq@nyu.edu,Female,69.248.202.162
892,Mady,Cosyns,mcosynsor@nyu.edu,Female,6.94.136.77
893,Min,Dovydenas,mdovydenasos@amazon.de,Female,234.56.161.6
894,Dulce,Chapell,dchapellot@fastcompany.com,Female,64.77.157.118
895,Marty,Zoellner,mzoellnerou@vistaprint.com,Male,153.115.41.68
896,Frasquito,Alton,faltonov@netvibes.com,Male,87.194.33.255
897,Ginger,MacKellar,gmackellarow@mtv.com,Male,91.244.172.235
898,Kenon,Beckhouse,kbeckhouseox@house.gov,Male,18.65.65.88
899,Arlina,Servante,aservanteoy@mapquest.com,Female,132.155.181.163
900,Huberto,Moen,hmoenoz@cnbc.com,Male,243.149.35.226
901,Mariam,Amerighi,mamerighip0@weebly.com,Female,217.66.20.152
902,Alexei,Lebang,alebangp1@google.com,Male,66.76.21.139
903,Mechelle,Underdown,munderdownp2@tripod.com,Female,169.145.222.165
904,Tabina,Boxe,tboxep3@google.com,Female,193.82.195.189
905,Giordano,Addicott,gaddicottp4@stumbleupon.com,Male,182.251.188.102
906,Lou,Rizzo,lrizzop5@stanford.edu,Female,102.63.54.80
907,Ernest,Barhems,ebarhemsp6@slideshare.net,Male,1.9.20.148
908,Darrelle,Bernardoux,dbernardouxp7@parallels.com,Female,43.150.98.251
909,Clem,Izac,cizacp8@go.com,Male,113.122.12.221
910,Saundra,Balderstone,sbalderstonep9@github.com,Male,192.153.105.116
911,Denice,Ashbrook,dashbrookpa@npr.org,Female,119.29.37.165
912,Pablo,Sacase,psacasepb@weebly.com,Male,231.209.246.17
913,Taite,Standidge,tstandidgepc@washingtonpost.com,Male,37.236.201.97
914,Yvor,Serjent,yserjentpd@smugmug.com,Male,68.238.193.221
915,Cherie,Camden,ccamdenpe@hexun.com,Female,199.99.248.84
916,Ruthe,Dyet,rdyetpf@bravesites.com,Female,16.244.76.36
917,Pacorro,Bayston,pbaystonpg@amazonaws.com,Male,167.123.79.100
918,Dionne,Skala,dskalaph@columbia.edu,Female,128.0.213.10
919,Jarred,McGillicuddy,jmcgillicuddypi@cocolog-nifty.com,Male,8.115.13.195
920,Symon,Craddock,scraddockpj@ox.ac.uk,Male,41.42.254.199
921,Rabbi,Ingyon,ringyonpk@mayoclinic.com,Male,253.138.137.118
922,Pavlov,Hellmore,phellmorepl@ycombinator.com,Male,241.159.183.24
923,Katrine,Mitton,kmittonpm@artisteer.com,Female,95.176.236.129
924,Letta,Heindrick,lheindrickpn@ucsd.edu,Female,206.162.119.2
925,Haleigh,Bissell,hbissellpo@oaic.gov.au,Female,177.154.111.4
926,Aime,Gwynn,agwynnpp@nationalgeographic.com,Female,255.241.220.5
927,Ignacius,Simkins,isimkinspq@ow.ly,Male,143.108.152.48
928,Hersh,Coton,hcotonpr@slideshare.net,Male,17.121.244.206
929,Jyoti,Koles,jkolesps@typepad.com,Female,143.223.38.91
930,Earlie,Oxbe,eoxbept@dagondesign.com,Male,99.58.48.216
931,Krispin,McGarel,kmcgarelpu@alibaba.com,Male,187.95.221.187
932,Arabel,Coopper,acoopperpv@multiply.com,Female,133.89.64.144
933,Lucas,Ubsdale,lubsdalepw@bbc.co.uk,Male,198.104.195.168
934,Myrvyn,Wickliffe,mwickliffepx@auda.org.au,Male,154.60.87.115
935,Franny,Grimsdith,fgrimsdithpy@google.nl,Male,33.70.232.224
936,Kalvin,Gasperi,kgasperipz@dot.gov,Male,113.81.212.172
937,Freddie,Pepperill,fpepperillq0@51.la,Male,29.141.2.191
938,Jarvis,McGookin,jmcgookinq1@bizjournals.com,Male,172.211.85.225
939,Fredrika,Haslegrave,fhaslegraveq2@bloomberg.com,Female,100.39.118.214
940,Arabele,Babon,ababonq3@hp.com,Female,59.62.209.189
941,Maryjo,Stivens,mstivensq4@sina.com.cn,Female,26.157.51.166
942,Marcie,Mullis,mmullisq5@disqus.com,Female,13.76.8.89
943,Kariotta,Brunon,kbrunonq6@cbc.ca,Female,251.217.41.70
944,Penni,Loving,plovingq7@marriott.com,Female,143.180.8.17
945,Egbert,Ruseworth,eruseworthq8@usatoday.com,Male,73.144.70.124
946,Thomasine,Nelson,tnelsonq9@cnbc.com,Female,181.56.64.231
947,Merwyn,Foard,mfoardqa@ibm.com,Male,108.119.1.102
948,Maritsa,Woodyatt,mwoodyattqb@alexa.com,Female,119.49.204.10
949,Frasco,Ranby,franbyqc@earthlink.net,Male,12.214.116.26
950,Sim,Howley,showleyqd@ucoz.com,Male,139.63.206.111
951,Gretna,Mangin,gmanginqe@virginia.edu,Female,202.173.65.42
952,Jacintha,Gunther,jguntherqf@wufoo.com,Female,230.24.44.110
953,Lurline,Josselson,ljosselsonqg@google.ca,Female,170.2.51.161
954,Vonnie,Gerner,vgernerqh@opensource.org,Female,170.29.193.13
955,Fidel,Tomson,ftomsonqi@cocolog-nifty.com,Male,196.107.138.171
956,Hartley,Benley,hbenleyqj@fc2.com,Male,104.154.14.7
957,Germaine,Balcon,gbalconqk@yolasite.com,Male,131.66.187.211
958,Ceil,Samme,csammeql@dyndns.org,Female,120.65.8.176
959,Jermaine,Chadd,jchaddqm@typepad.com,Male,51.7.226.33
960,Adara,Keeves,akeevesqn@prnewswire.com,Female,61.17.175.65
961,Amalea,Lantiff,alantiffqo@slideshare.net,Female,116.254.52.106
962,Aurel,Sammon,asammonqp@infoseek.co.jp,Female,56.65.104.49
963,Hilda,Jeffry,hjeffryqq@github.com,Female,156.154.71.51
964,Earle,Bayly,ebaylyqr@blog.com,Male,214.118.245.160
965,Angus,Bernaldez,abernaldezqs@slideshare.net,Male,107.11.174.63
966,Tatiania,Houndson,thoundsonqt@unc.edu,Female,86.246.133.167
967,Emelen,Wheelton,ewheeltonqu@pen.io,Male,87.8.180.167
968,Dina,Eilhertsen,deilhertsenqv@about.com,Female,222.88.11.215
969,Bryn,Jevon,bjevonqw@cocolog-nifty.com,Male,44.101.1.95
970,Lorie,Eglin,leglinqx@hao123.com,Female,165.31.40.157
971,Horatius,Duncan,hduncanqy@unc.edu,Male,80.36.123.218
972,Gretna,Habeshaw,ghabeshawqz@dailymotion.com,Female,63.146.128.227
973,Tobit,Rattry,trattryr0@rediff.com,Male,29.55.111.191
974,Ilene,Izkovici,iizkovicir1@examiner.com,Female,62.211.82.56
975,Pavlov,Gossling,pgosslingr2@godaddy.com,Male,248.229.198.192
976,Giusto,Georgelin,ggeorgelinr3@github.io,Male,144.249.87.41
977,Kingsley,Gethin,kgethinr4@issuu.com,Male,162.253.22.229
978,Hallsy,Lombard,hlombardr5@unicef.org,Male,17.9.183.216
979,Phyllys,Maryan,pmaryanr6@howstuffworks.com,Female,25.210.194.115
980,Ferdinand,Grimmolby,fgrimmolbyr7@unc.edu,Male,226.191.44.162
981,Paulina,Etty,pettyr8@bbb.org,Female,72.63.147.6
982,Nonie,Pease,npeaser9@plala.or.jp,Female,195.189.202.197
983,Bonita,Rostern,brosternra@dion.ne.jp,Female,21.189.127.213
984,Feliks,Ealam,fealamrb@forbes.com,Male,166.247.219.200
985,Evvie,Crake,ecrakerc@fotki.com,Female,4.25.95.110
986,Maurise,Shottin,mshottinrd@examiner.com,Female,254.110.113.176
987,Esdras,Juorio,ejuoriore@squidoo.com,Male,2.183.65.249
988,Silvio,Simmen,ssimmenrf@artisteer.com,Male,235.92.93.123
989,Sybyl,Archdeacon,sarchdeaconrg@skype.com,Female,37.202.3.97
990,Madge,Candy,mcandyrh@amazon.co.jp,Female,144.234.136.165
991,Floyd,Biasotti,fbiasottiri@netscape.com,Male,207.129.20.185
992,Brittaney,Matschoss,bmatschossrj@nasa.gov,Female,78.114.172.57
993,Chuck,Dadge,cdadgerk@cisco.com,Male,81.30.59.28
994,Kerby,Keattch,kkeattchrl@xinhuanet.com,Male,163.219.166.48
995,Heinrick,Gimeno,hgimenorm@tripod.com,Male,160.159.138.178
996,Kaitlynn,Whorf,kwhorfrn@tmall.com,Female,174.203.97.245
997,Nessie,Balbeck,nbalbeckro@slideshare.net,Female,12.97.109.123
998,Chuck,Mullin,cmullinrp@cnet.com,Male,201.80.201.145
999,Vasilis,Lammert,vlammertrq@indiegogo.com,Male,234.205.85.208
1000,Meryl,Patridge,mpatridgerr@skype.com,Female,234.234.14.74
